{
  "frontend/vite.config.ts": 1776086565.707156,
  "backend/check.py": 1776086565.699156,
  "backend/test_backend.py": 1776086565.703156,
  "backend/config.py": 1776086565.699156,
  "backend/test_llm.py": 1776086565.703156,
  "backend/check_code.py": 1776086565.699156,
  "backend/main.py": 1776086565.699156,
  "backend/test_pipeline.py": 1776086565.703156,
  "backend/routes/__init__.py": 1776086565.699156,
  "backend/routes/pipeline.py": 1776086565.703156,
  "backend/routes/api.py": 1776086565.699156,
  "backend/routes/audit.py": 1776086565.699156,
  "backend/routes/file_watcher.py": 1776086565.699156,
  "backend/routes/websocket.py": 1776086565.703156,
  "backend/tools/base.py": 1776086565.703156,
  "backend/tools/retrieve_memory.py": 1776086565.703156,
  "backend/tools/__init__.py": 1776086565.703156,
  "backend/tools/query_agent.py": 1776086565.703156,
  "backend/tools/file_operations.py": 1776086565.703156,
  "backend/tools/screenshot.py": 1776086565.703156,
  "backend/tools/collaboration_tools.py": 1776086565.703156,
  "backend/tools/save_memory.py": 1776086565.703156,
  "backend/tools/web_search.py": 1776086565.703156,
  "backend/tools/execute_code.py": 1776086565.703156,
  "backend/tools/github_manager.py": 1776086565.703156,
  "backend/tools/web_fetch.py": 1776086565.703156,
  "backend/tools/browser.py": 1776086565.703156,
  "backend/examples/__init__.py": 1776086565.699156,
  "backend/examples/new_config_example.py": 1776086565.699156,
  "backend/examples/demo.py": 1776086565.699156,
  "backend/llm/__init__.py": 1776086565.699156,
  "backend/llm/client.py": 1776086565.699156,
  "backend/pipeline/__init__.py": 1776086565.699156,
  "backend/pipeline/engine.py": 1776086565.699156,
  "backend/pipeline/config.py": 1776086565.699156,
  "backend/chatrooms/manager.py": 1776086565.699156,
  "backend/chatrooms/__init__.py": 1776086565.699156,
  "backend/agents/registry.py": 1776086565.699156,
  "backend/agents/__init__.py": 1776086565.6951559,
  "backend/agents/config_models.py": 1776086565.699156,
  "backend/agents/core.py": 1776086565.699156,
  "backend/agents/config_manager.py": 1776086565.699156,
  "backend/agents/collaboration.py": 1776086565.6951559,
  "backend/alembic/env.py": 1776086565.699156,
  "backend/tests/__init__.py": 1776086565.703156,
  "backend/tests/test_websocket.py": 1776086565.703156,
  "backend/tests/conftest.py": 1776086565.703156,
  "backend/tests/test_llm_extended.py": 1776086565.703156,
  "backend/tests/test_config_models.py": 1776086565.703156,
  "backend/tests/test_startup.py": 1776086565.703156,
  "backend/tests/test_chatroom.py": 1776086565.703156,
  "backend/tests/test_file_operations.py": 1776086565.703156,
  "backend/tests/test_database.py": 1776086565.703156,
  "backend/tests/test_tools.py": 1776086565.703156,
  "backend/tests/test_llm_two_level_config.py": 1776086565.703156,
  "backend/tests/test_collaboration_tools.py": 1776086565.703156,
  "backend/tests/test_agent.py": 1776086565.703156,
  "backend/tests/test_core.py": 1776086565.703156,
  "backend/tests/test_api_routes.py": 1776086565.703156,
  "backend/models/__init__.py": 1776086565.699156,
  "backend/models/audit.py": 1776086565.699156,
  "backend/models/database.py": 1776086565.699156,
  "tests/test_visual_rendering.py": 1776086565.707156,
  "tests/test_frontend.py": 1776086565.707156,
  "tests/test_integration_e2e.py": 1776086565.707156,
  "TODO-MONITOR.md": 1776086565.6951559,
  "README.md": 1776086565.6951559,
  "test.txt": 1776086565.707156,
  "docs/ADR-005-chat-input.md": 1776086565.703156,
  "docs/ADR-004-knowledge-graph.md": 1776086565.703156,
  "docs/ADR-014-project-flow-and-state-machine.md": 1776093557.2779,
  "docs/ADR-008-skills-progressive-disclosure.md": 1776086565.703156,
  "docs/ADR-007-ui-ux-skill.md": 1776086565.703156,
  "docs/ADR-010-monitoring-audit-visualization.md": 1776086565.703156,
  "docs/ADR-013-business-architecture-solo-app-factory.md": 1776092441.4610193,
  "docs/ADR-009-context-compression.md": 1776086565.703156,
  "docs/ADR-006-omni.md": 1776086565.703156,
  "docs/ADR-011-chatroom-full-event-cards.md": 1776086565.703156,
  "docs/ADR-queue-modes.md": 1776086565.703156,
  "docs/ADR-012-llm-session-context-management.md": 1776086565.703156,
  "docs/PRD.md": 1776086565.707156,
  "backend/requirements-test.txt": 1776086565.699156,
  "backend/requirements.txt": 1776086565.699156
}